id_vehiculo,vehiculo,promedio_calificacion,n_calificaciones,n_resenas,longitud_media_resena
12294,12294,4.667,3,3,41.0
9941,9941,4.333,3,3,40.3
14176,14176,4.0,3,3,40.7
5364,5364,4.0,4,4,41.8
8244,8244,3.667,3,3,43.3
9367,9367,3.333,3,3,37.7
14018,14018,3.333,3,3,38.0
2781,2781,3.333,3,3,44.7
10534,10534,2.667,3,3,42.3
820,820,2.667,3,3,41.0
14468,14468,2.333,3,3,43.0
